ID,sr_no,description,hs_code,quantity_bags,net_weight_kg,rate_per_kg_usd,amount_usd,lot_no,invoice_invoice_number
20907354-dada-4099-8f6f-fbd876ee1760,62,description-20907354,hs_code-20907354,34,31597481.47,25418212.20299,27174518.26,lot_no-20907354,Invoice-17048650
20907355-5e4b-4bbc-b7a0-4a8ef2248d59,7,description-20907355,hs_code-20907355,73,14118240.27,27268271.26946,23333458.94,lot_no-20907355,Invoice-17048650